mu,loss_rate
1.5,0.57159
1.6,0.55485
1.7,0.54115
1.8,0.52333
1.9,0.5138
2,0.50097
2.1,0.48795
2.2,0.47386
2.3,0.46578
2.4,0.45385
2.5,0.44291
